state,state_name,senate_support,senate_oppose,senate_total,senate_race_count,house_support,house_oppose,house_total,house_race_count,support_amount,oppose_amount,total_amount,support_pct,oppose_pct,support_party,oppose_party,first_payment_date,chart_start_date
AK,Alaska,186525,400847,587372,1,0,0,0,0,186525,400847,587372,32,68,REP,DEM,2026-08-27,2026-08-27
AZ,Arizona,0,0,0,0,615094,59953,675047,2,615094,59953,675047,91,9,REP,DEM,2026-09-03,2026-09-03
CA,California,0,0,0,0,182141,17699,199840,1,182141,17699,199840,91,9,REP,DEM,2026-09-03,2026-09-03
CO,Colorado,0,0,0,0,153259,36213,189472,1,153259,36213,189472,81,19,REP,DEM,2026-09-03,2026-09-03
FL,Florida,0,0,0,0,98272,148201,246473,1,98272,148201,246473,40,60,REP,DEM,2026-08-27,2026-08-27
IA,Iowa,100969,1500797,1601766,1,49125,323819,372944,3,150094,1824616,1974710,8,92,REP,DEM,2026-08-19,2026-08-19
ME,Maine,349406,586336,935742,1,103633,136684,240317,1,453039,723020,1176059,39,61,REP,DEM,2026-08-27,2026-08-27
MI,Michigan,1479742,2486172,3965914,1,192727,412546,605273,4,1672469,2898718,4571187,37,63,REP,DEM,2026-08-20,2026-08-20
NH,New Hampshire,217294,557389,774683,1,113742,124550,238292,2,331036,681939,1012975,33,67,REP,DEM,2026-08-27,2026-08-27
NJ,New Jersey,0,0,0,0,129279,105385,234664,1,129279,105385,234664,55,45,REP,DEM,2026-08-21,2026-08-21
NY,New York,0,0,0,0,123882,102072,225954,1,123882,102072,225954,55,45,REP,DEM,2026-08-21,2026-08-21
OH,Ohio,1373718,3083714,4457432,1,102402,128515,230917,5,1476120,3212229,4688349,31,69,REP,DEM,2026-08-27,2026-08-27
PA,Pennsylvania,0,0,0,0,241415,437097,678512,3,241415,437097,678512,36,64,REP,DEM,2026-08-21,2026-08-21
TX,Texas,1093718,7650686,8744404,1,186580,492967,679547,5,1280298,8143653,9423951,14,86,REP,DEM,2026-08-20,2026-08-20
VA,Virginia,0,0,0,0,93395,218967,312362,1,93395,218967,312362,30,70,REP,DEM,2026-08-20,2026-08-20
WA,Washington,0,0,0,0,269872,47469,317341,1,269872,47469,317341,85,15,REP,DEM,2026-09-03,2026-09-03
WI,Wisconsin,0,0,0,0,84941,135666,220607,1,84941,135666,220607,39,61,REP,DEM,2026-08-27,2026-08-27
