scope,direction,date,amount,running_total
US,support,2026-08-19,27300.00,27300.00
US,support,2026-08-20,131562.50,158862.50
US,support,2026-08-21,22290.24,181152.74
US,support,2026-08-27,174066.15,355218.89
US,support,2026-08-31,10526.10,365744.99
US,support,2026-09-03,308753.20,674498.19
US,support,2026-09-08,640425.78,1314923.97
US,support,2026-09-09,1126383.99,2441307.96
US,support,2026-09-10,709479.64,3150787.60
US,support,2026-09-11,60769.00,3211556.60
US,support,2026-09-14,687768.03,3899324.63
US,support,2026-09-15,83449.20,3982773.83
US,support,2026-09-16,122810.50,4105584.33
US,support,2026-09-17,26919.50,4132503.83
US,support,2026-09-18,136715.65,4269219.48
US,support,2026-09-21,817865.26,5087084.74
US,support,2026-09-23,53742.50,5140827.24
US,support,2026-09-24,488424.69,5629251.93
US,support,2026-09-25,88425.41,5717677.34
US,support,2026-09-28,351483.14,6069160.48
US,support,2026-09-29,666708.60,6735869.08
US,support,2026-09-30,378971.72,7114840.80
US,support,2026-10-01,337153.45,7451994.25
US,support,2026-10-02,89137.11,7541131.36
US,support,2026-10-05,1569077.92,9110209.28
US,oppose,2026-08-19,27300.00,27300.00
US,oppose,2026-08-20,135625.00,162925.00
US,oppose,2026-08-21,22290.21,185215.21
US,oppose,2026-08-27,53966.14,239181.35
US,oppose,2026-08-31,195549.10,434730.45
US,oppose,2026-09-03,491652.18,926382.63
US,oppose,2026-09-04,2095026.58,3021409.21
US,oppose,2026-09-08,713905.38,3735314.59
US,oppose,2026-09-09,830104.75,4565419.34
US,oppose,2026-09-10,581977.29,5147396.63
US,oppose,2026-09-11,441309.48,5588706.11
US,oppose,2026-09-14,1723684.07,7312390.18
US,oppose,2026-09-15,412273.36,7724663.54
US,oppose,2026-09-16,121210.50,7845874.04
US,oppose,2026-09-17,2737965.39,10583839.43
US,oppose,2026-09-18,570196.92,11154036.35
US,oppose,2026-09-21,611126.48,11765162.83
US,oppose,2026-09-23,53353.75,11818516.58
US,oppose,2026-09-24,2245531.24,14064047.82
US,oppose,2026-09-25,156648.05,14220695.87
US,oppose,2026-09-28,834887.56,15055583.43
US,oppose,2026-09-29,1248202.10,16303785.53
US,oppose,2026-09-30,267087.56,16570873.09
US,oppose,2026-10-01,766198.63,17337071.72
US,oppose,2026-10-02,1856672.11,19193743.83
US,oppose,2026-10-05,2659231.57,21852975.40
AK,support,2026-08-27,17235.00,17235.00
AK,support,2026-09-03,40769.00,58004.00
AK,support,2026-09-09,22251.90,80255.90
AK,support,2026-09-11,40769.00,121024.90
AK,support,2026-09-17,15978.00,137002.90
AK,support,2026-09-18,1632.77,138635.67
AK,support,2026-09-21,40769.00,179404.67
AK,support,2026-09-25,6570.20,185974.87
AK,support,2026-09-28,550.21,186525.08
AK,oppose,2026-09-03,101769.00,101769.00
AK,oppose,2026-09-04,44449.34,146218.34
AK,oppose,2026-09-11,40769.00,186987.34
AK,oppose,2026-09-15,61000.00,247987.34
AK,oppose,2026-09-17,40424.27,288411.61
AK,oppose,2026-09-21,40769.00,329180.61
AK,oppose,2026-09-25,6570.20,335750.81
AK,oppose,2026-09-28,550.21,336301.02
AK,oppose,2026-09-30,53500.00,389801.02
AK,oppose,2026-10-02,11045.72,400846.74
AZ,support,2026-09-03,24440.40,24440.40
AZ,support,2026-09-10,79917.75,104358.15
AZ,support,2026-09-14,98843.12,203201.27
AZ,support,2026-09-21,101160.32,304361.59
AZ,support,2026-09-24,101160.32,405521.91
AZ,support,2026-09-30,125559.19,531081.10
AZ,support,2026-10-01,30041.78,561122.88
AZ,support,2026-10-02,53970.95,615093.83
AZ,support,2026-10-05,24440.40,639534.23
AZ,oppose,2026-10-01,30041.78,30041.78
AZ,oppose,2026-10-02,29911.25,59953.03
CA,support,2026-09-03,12220.20,12220.20
CA,support,2026-09-10,20241.10,32461.30
CA,support,2026-09-14,30917.23,63378.53
CA,support,2026-09-21,30917.23,94295.76
CA,support,2026-09-24,30917.23,125212.99
CA,support,2026-09-30,39229.71,164442.70
CA,support,2026-10-01,17698.73,182141.43
CA,support,2026-10-05,64567.72,246709.15
CA,oppose,2026-10-01,17698.72,17698.72
CO,support,2026-09-03,12220.20,12220.20
CO,support,2026-09-10,21320.20,33540.40
CO,support,2026-09-14,30241.88,63782.28
CO,support,2026-09-21,30241.88,94024.16
CO,support,2026-09-24,30241.88,124266.04
CO,support,2026-09-30,28992.58,153258.62
CO,support,2026-10-05,9820.00,163078.62
CO,oppose,2026-10-01,36213.01,36213.01
FL,support,2026-08-27,500.00,500.00
FL,support,2026-08-31,4336.20,4836.20
FL,support,2026-09-09,3733.05,8569.25
FL,support,2026-09-10,19364.95,27934.20
FL,support,2026-09-15,4336.20,32270.40
FL,support,2026-09-29,25828.96,58099.36
FL,support,2026-09-30,11363.10,69462.46
FL,support,2026-10-01,24559.59,94022.05
FL,support,2026-10-02,4250.00,98272.05
FL,oppose,2026-08-31,4336.20,4336.20
FL,oppose,2026-09-09,3733.04,8069.24
FL,oppose,2026-09-10,19364.95,27434.19
FL,oppose,2026-09-15,4336.20,31770.39
FL,oppose,2026-09-24,50429.25,82199.64
FL,oppose,2026-09-29,25828.96,108028.60
FL,oppose,2026-09-30,11363.10,119391.70
FL,oppose,2026-10-01,24559.59,143951.29
FL,oppose,2026-10-02,4250.00,148201.29
IA,support,2026-08-19,27300.00,27300.00
IA,support,2026-09-09,114529.65,141829.65
IA,support,2026-09-25,6531.53,148361.18
IA,support,2026-10-01,1732.92,150094.10
IA,oppose,2026-08-19,27300.00,27300.00
IA,oppose,2026-09-03,61000.00,88300.00
IA,oppose,2026-09-04,159560.41,247860.41
IA,oppose,2026-09-09,59574.00,307434.41
IA,oppose,2026-09-11,380540.48,687974.89
IA,oppose,2026-09-15,61000.00,748974.89
IA,oppose,2026-09-17,35142.00,784116.89
IA,oppose,2026-09-18,176441.94,960558.83
IA,oppose,2026-09-24,2457.34,963016.17
IA,oppose,2026-09-25,6531.52,969547.69
IA,oppose,2026-09-28,225971.00,1195518.69
IA,oppose,2026-09-29,466216.20,1661734.89
IA,oppose,2026-09-30,4885.05,1666619.94
IA,oppose,2026-10-01,34465.37,1701085.31
IA,oppose,2026-10-02,123530.66,1824615.97
ME,support,2026-08-27,34313.65,34313.65
ME,support,2026-09-08,43991.96,78305.61
ME,support,2026-09-09,48421.27,126726.88
ME,support,2026-09-10,121598.00,248324.88
ME,support,2026-09-14,24288.00,272612.88
ME,support,2026-09-15,51424.00,324036.88
ME,support,2026-09-17,10941.50,334978.38
ME,support,2026-09-21,75711.50,410689.88
ME,support,2026-09-24,1322.44,412012.32
ME,support,2026-09-25,5632.55,417644.87
ME,support,2026-10-01,35395.07,453039.94
ME,support,2026-10-05,69429.00,522468.94
ME,oppose,2026-08-27,33063.64,33063.64
ME,oppose,2026-08-31,102847.00,135910.64
ME,oppose,2026-09-08,43991.95,179902.59
ME,oppose,2026-09-09,17371.27,197273.86
ME,oppose,2026-09-10,173984.30,371258.16
ME,oppose,2026-09-14,24288.00,395546.16
ME,oppose,2026-09-15,51424.00,446970.16
ME,oppose,2026-09-17,10941.50,457911.66
ME,oppose,2026-09-18,137361.14,595272.80
ME,oppose,2026-09-21,75711.50,670984.30
ME,oppose,2026-09-24,11008.55,681992.85
ME,oppose,2026-09-25,5632.55,687625.40
ME,oppose,2026-10-01,35395.07,723020.47
ME,oppose,2026-10-05,149942.58,872963.05
MI,support,2026-08-20,4062.50,4062.50
MI,support,2026-08-27,5292.50,9355.00
MI,support,2026-09-03,206883.20,216238.20
MI,support,2026-09-08,304261.17,520499.37
MI,support,2026-09-09,264526.75,785026.12
MI,support,2026-09-11,20000.00,805026.12
MI,support,2026-09-14,197742.57,1002768.69
MI,support,2026-09-16,1600.00,1004368.69
MI,support,2026-09-21,244113.24,1248481.93
MI,support,2026-09-25,13007.05,1261488.98
MI,support,2026-09-28,235762.28,1497251.26
MI,support,2026-09-30,87148.51,1584399.77
MI,support,2026-10-01,88069.28,1672469.05
MI,support,2026-10-05,292164.76,1964633.81
MI,oppose,2026-08-20,8125.00,8125.00
MI,oppose,2026-08-27,8125.00,16250.00
MI,oppose,2026-09-03,206883.18,223133.18
MI,oppose,2026-09-08,304261.17,527394.35
MI,oppose,2026-09-09,229064.66,756459.01
MI,oppose,2026-09-11,20000.00,776459.01
MI,oppose,2026-09-14,197742.56,974201.57
MI,oppose,2026-09-17,713377.95,1687579.52
MI,oppose,2026-09-21,244113.23,1931692.75
MI,oppose,2026-09-24,452527.70,2384220.45
MI,oppose,2026-09-25,39168.10,2423388.55
MI,oppose,2026-09-28,235762.27,2659150.82
MI,oppose,2026-09-30,85998.47,2745149.29
MI,oppose,2026-10-01,88069.25,2833218.54
MI,oppose,2026-10-02,65500.00,2898718.54
MI,oppose,2026-10-05,292164.73,3190883.27
NH,support,2026-08-27,1230.00,1230.00
NH,support,2026-09-10,110020.84,111250.84
NH,support,2026-09-14,42465.88,153716.72
NH,support,2026-09-16,39088.00,192804.72
NH,support,2026-09-21,21137.00,213941.72
NH,support,2026-09-24,46009.05,259950.77
NH,support,2026-09-25,16034.73,275985.50
NH,support,2026-09-28,25288.50,301274.00
NH,support,2026-10-01,29761.94,331035.94
NH,oppose,2026-08-27,8052.50,8052.50
NH,oppose,2026-08-31,82176.00,90228.50
NH,oppose,2026-09-08,73479.61,163708.11
NH,oppose,2026-09-10,138128.04,301836.15
NH,oppose,2026-09-14,84739.87,386576.02
NH,oppose,2026-09-16,39088.00,425664.02
NH,oppose,2026-09-18,121310.98,546975.00
NH,oppose,2026-09-21,21137.00,568112.00
NH,oppose,2026-09-24,57789.95,625901.95
NH,oppose,2026-09-25,16034.72,641936.67
NH,oppose,2026-09-28,10240.26,652176.93
NH,oppose,2026-10-01,29761.93,681938.86
NH,oppose,2026-10-05,60868.50,742807.36
NJ,support,2026-08-21,5407.88,5407.88
NJ,support,2026-08-27,500.00,5907.88
NJ,support,2026-09-10,42754.80,48662.68
NJ,support,2026-09-29,23920.00,72582.68
NJ,support,2026-10-01,56695.83,129278.51
NJ,support,2026-10-05,10815.75,140094.26
NJ,oppose,2026-08-21,5407.87,5407.87
NJ,oppose,2026-09-24,15785.94,21193.81
NJ,oppose,2026-09-29,27495.15,48688.96
NJ,oppose,2026-10-01,56695.83,105384.79
NY,support,2026-08-21,5063.33,5063.33
NY,support,2026-08-27,500.00,5563.33
NY,support,2026-09-10,42170.70,47734.03
NY,support,2026-09-29,22949.17,70683.20
NY,support,2026-10-01,53198.31,123881.51
NY,support,2026-10-05,10126.65,134008.16
NY,oppose,2026-08-21,5063.32,5063.32
NY,oppose,2026-09-24,9012.35,14075.67
NY,oppose,2026-09-25,1133.61,15209.28
NY,oppose,2026-09-29,33664.76,48874.04
NY,oppose,2026-10-01,53198.30,102072.34
OH,support,2026-08-27,105675.00,105675.00
OH,support,2026-09-08,292172.65,397847.65
OH,support,2026-09-09,249874.05,647721.70
OH,support,2026-09-14,219794.49,867516.19
OH,support,2026-09-21,229395.76,1096911.95
OH,support,2026-09-23,53742.50,1150654.45
OH,support,2026-09-24,225640.73,1376295.18
OH,support,2026-09-25,12442.50,1388737.68
OH,support,2026-09-28,87382.15,1476119.83
OH,support,2026-10-05,316584.27,1792704.10
OH,oppose,2026-09-03,61000.00,61000.00
OH,oppose,2026-09-04,587371.16,648371.16
OH,oppose,2026-09-08,292172.65,940543.81
OH,oppose,2026-09-09,132669.30,1073213.11
OH,oppose,2026-09-14,219129.49,1292342.60
OH,oppose,2026-09-15,61000.00,1353342.60
OH,oppose,2026-09-17,572506.00,1925848.60
OH,oppose,2026-09-21,229395.75,2155244.35
OH,oppose,2026-09-23,53353.75,2208598.10
OH,oppose,2026-09-24,236165.96,2444764.06
OH,oppose,2026-09-25,12442.50,2457206.56
OH,oppose,2026-09-28,201102.20,2658308.76
OH,oppose,2026-09-29,36703.83,2695012.59
OH,oppose,2026-09-30,18581.64,2713594.23
OH,oppose,2026-10-02,498634.26,3212228.49
OH,oppose,2026-10-05,316584.22,3528812.71
PA,support,2026-08-21,11819.03,11819.03
PA,support,2026-08-27,1500.00,13319.03
PA,support,2026-08-31,6189.90,19508.93
PA,support,2026-09-10,143967.45,163476.38
PA,support,2026-09-18,77939.00,241415.38
PA,support,2026-10-05,36017.85,277433.23
PA,oppose,2026-08-21,11819.02,11819.02
PA,oppose,2026-08-31,6189.90,18008.92
PA,oppose,2026-09-18,77939.00,95947.92
PA,oppose,2026-09-24,98472.60,194420.52
PA,oppose,2026-09-29,23676.34,218096.86
PA,oppose,2026-10-01,218999.76,437096.62
TX,support,2026-08-20,123000.00,123000.00
TX,support,2026-08-27,1595.00,124595.00
TX,support,2026-09-09,423047.32,547642.32
TX,support,2026-09-15,2500.00,550142.32
TX,support,2026-09-16,82122.50,632264.82
TX,support,2026-09-18,57143.88,689408.70
TX,support,2026-09-25,28206.85,717615.55
TX,support,2026-09-28,2500.00,720115.55
TX,support,2026-09-29,553223.32,1273338.87
TX,support,2026-10-02,6958.93,1280297.80
TX,support,2026-10-05,716961.52,1997259.32
TX,oppose,2026-08-20,123000.00,123000.00
TX,oppose,2026-09-03,61000.00,184000.00
TX,oppose,2026-09-04,1303645.67,1487645.67
TX,oppose,2026-09-09,387692.48,1875338.15
TX,oppose,2026-09-10,246000.00,2121338.15
TX,oppose,2026-09-14,1106446.64,3227784.79
TX,oppose,2026-09-15,144500.00,3372284.79
TX,oppose,2026-09-16,82122.50,3454407.29
TX,oppose,2026-09-17,1362443.00,4816850.29
TX,oppose,2026-09-18,57143.86,4873994.15
TX,oppose,2026-09-24,1272419.00,6146413.15
TX,oppose,2026-09-25,28206.85,6174620.00
TX,oppose,2026-09-28,161261.62,6335881.62
TX,oppose,2026-09-29,553223.32,6889104.94
TX,oppose,2026-10-01,130747.90,7019852.84
TX,oppose,2026-10-02,1123800.22,8143653.06
TX,oppose,2026-10-05,1839671.54,9983324.60
VA,support,2026-08-20,4500.00,4500.00
VA,support,2026-08-27,500.00,5000.00
VA,support,2026-09-10,35259.85,40259.85
VA,support,2026-09-15,20464.00,60723.85
VA,support,2026-09-24,8713.71,69437.56
VA,support,2026-10-02,23957.23,93394.79
VA,support,2026-10-05,9000.00,102394.79
VA,oppose,2026-08-20,4500.00,4500.00
VA,oppose,2026-09-10,4500.00,9000.00
VA,oppose,2026-09-14,91337.51,100337.51
VA,oppose,2026-09-15,20464.00,120801.51
VA,oppose,2026-09-17,3130.67,123932.18
VA,oppose,2026-09-25,40928.00,164860.18
VA,oppose,2026-09-29,40606.39,205466.57
VA,oppose,2026-09-30,13500.00,218966.57
WA,support,2026-09-03,12220.20,12220.20
WA,support,2026-09-10,33449.90,45670.10
WA,support,2026-09-14,43474.86,89144.96
WA,support,2026-09-21,44419.33,133564.29
WA,support,2026-09-24,44419.33,177983.62
WA,support,2026-09-29,16969.15,194952.77
WA,support,2026-09-30,74919.33,269872.10
WA,support,2026-10-05,9150.00,279022.10
WA,oppose,2026-09-29,16969.15,16969.15
WA,oppose,2026-09-30,30500.00,47469.15
WI,support,2026-08-27,5225.00,5225.00
WI,support,2026-09-10,39414.10,44639.10
WI,support,2026-09-15,4725.00,49364.10
WI,support,2026-09-29,23818.00,73182.10
WI,support,2026-09-30,11759.30,84941.40
WI,oppose,2026-08-27,4725.00,4725.00
WI,oppose,2026-09-15,8549.16,13274.16
WI,oppose,2026-09-24,39462.60,52736.76
WI,oppose,2026-09-29,23818.00,76554.76
WI,oppose,2026-09-30,48759.30,125314.06
WI,oppose,2026-10-01,10352.12,135666.18
