race_id,cycle,race_name,office,state,district,support_candidate_id,support_candidate_name,oppose_candidate_id,oppose_candidate_name,support_party,oppose_party,support_amount,oppose_amount,total_amount,expenditure_count,last_spend_date,seat
2026-S-TX,2026,TX Senate (2026),S,TX,00,S6TX00388,Ken Paxton,S6TX00479,James Talarico,REP,DEM,1771191.02,9434605.80,11205796.82,38,2026-10-20,senate
2026-S-OH,2026,OH Senate (2026),S,OH,00,S6OH00304,Jon Husted,S6OH00163,Sherrod Brown,REP,DEM,1655677.41,3356441.39,5012118.80,77,2026-10-09,senate
2026-S-MI,2026,MI Senate (2026),S,MI,00,S4MI00595,Mike Rogers,S6MI00418,Abdul El-Sayed,REP,DEM,1746653.88,2753083.85,4499737.73,69,2026-10-09,senate
2026-S-IA,2026,IA Senate (2026),S,IA,00,S6IA00314,Ashley Hinson,S6IA00298,Josh Turek,REP,DEM,100969.36,1500797.06,1601766.42,24,2026-10-07,senate
2026-S-ME,2026,ME Senate (2026),S,ME,00,S6ME00159,Susan M. Collins,S6ME00464,Troy Jackson,REP,DEM,389990.46,665959.47,1055949.93,32,2026-10-22,senate
2026-S-NH,2026,NH Senate (2026),S,NH,00,S6NH00208,John Sununu,S6NH00141,Chris Pappas,REP,DEM,217293.59,598757.17,816050.76,30,2026-10-16,senate
2026-S-AK,2026,AK Senate (2026),S,AK,00,S4AK00214,Dan Sullivan,S6AK00276,Mary Peltola,REP,DEM,186525.08,400846.74,587371.82,27,2026-10-05,senate
2026-H-AZ-01,2026,AZ-01 (2026),H,AZ,01,H6AZ05190,Jay Feely,H4AZ01194,Amish Shah,REP,DEM,323696.28,29911.25,353607.53,10,2026-10-03,district 1
2026-H-AZ-06,2026,AZ-06 (2026),H,AZ,06,H2AZ02360,Juan Ciscomani,H6AZ06099,JoAnna Mendoza,REP,DEM,315837.95,30041.78,345879.73,10,2026-10-03,district 6
2026-H-ME-02,2026,ME-02 (2026),H,ME,02,H6ME02148,Paul LePage,H6ME02171,Matt Dunlap,REP,DEM,132478.48,207003.58,339482.06,20,2026-10-27,district 2
2026-H-WA-03,2026,WA-03 (2026),H,WA,03,H6WA03275,John Braun,H2WA03217,Marie Gluesenkamp Perez,REP,DEM,279022.10,47469.15,326491.25,11,2026-10-03,district 3
2026-H-VA-02,2026,VA-02 (2026),H,VA,02,H2VA02064,Jen Kiggans,H6VA02198,Elaine Luria,REP,DEM,102394.79,218966.57,321361.36,18,2026-10-12,district 2
2026-H-CA-22,2026,CA-22 (2026),H,CA,22,H2CA20094,David G. Valadao,H6CA22190,Randy Villegas,REP,DEM,246709.15,17698.72,264407.87,12,2026-10-03,district 22
2026-H-PA-08,2026,PA-08 (2026),H,PA,08,H4PA08124,Rob Bresnahan,H6PA08293,Paige Cognetti,REP,DEM,96231.35,152864.11,249095.46,11,2026-10-12,district 8
2026-H-NH-01,2026,NH-01 (2026),H,NH,01,H6NH01420,Anthony DiLorenzo,H6NH01321,Stefany Shaheen,REP,DEM,105726.12,142239.43,247965.55,13,2026-10-27,district 1
2026-H-FL-25,2026,FL-25 (2026),H,FL,25,H6FL23188,Scott Singer,H2FL22171,Jared Moskowitz,REP,DEM,98272.05,148201.29,246473.34,23,2026-10-06,district 25
2026-H-NJ-07,2026,NJ-07 (2026),H,NJ,07,H0NJ07261,"Thomas H. Kean, Jr.",H6NJ07201,Rebecca Bennett,REP,DEM,140094.26,105384.79,245479.05,14,2026-10-12,district 7
2026-H-NY-17,2026,NY-17 (2026),H,NY,17,H2NY17162,Michael Lawler,H6NY17171,Cait Conley,REP,DEM,134008.16,102072.34,236080.50,15,2026-10-12,district 17
2026-H-PA-10,2026,PA-10 (2026),H,PA,10,H2PA04135,Scott Perry,H4PA10104,Janelle Stelson,REP,DEM,91427.53,143823.80,235251.33,11,2026-10-12,district 10
2026-H-PA-07,2026,PA-07 (2026),H,PA,07,H8PA15195,Ryan Mackenzie,H6PA07188,Bob Brooks,REP,DEM,89774.35,140408.71,230183.06,11,2026-10-12,district 7
2026-H-TX-35,2026,TX-35 (2026),H,TX,35,H6TX35087,Carlos De La Cruz,H6TX35095,Johnny Garcia,REP,DEM,50175.33,178652.75,228828.08,15,2026-10-05,district 35
2026-H-WI-03,2026,WI-03 (2026),H,WI,03,H0WI03175,Derrick Van Orden,H4WI03169,Rebecca Cooke,REP,DEM,84941.40,135666.18,220607.58,14,2026-10-08,district 3
2026-H-CO-08,2026,CO-08 (2026),H,CO,08,H4CO08034,Gabe Evans,H6CO08013,Manny Rutinel,REP,DEM,163078.62,36213.01,199291.63,8,2026-10-03,district 8
2026-H-MI-04,2026,MI-04 (2026),H,MI,04,H0MI02094,Bill Huizenga,H6MI04204,Sean McCann,REP,DEM,47830.99,147045.17,194876.16,17,2026-10-06,district 4
2026-H-IA-01,2026,IA-01 (2026),H,IA,01,H8IA02043,Mariannette Miller-Meeks,H2IA02111,Christina Bohannan,REP,DEM,15923.05,152761.45,168684.50,8,2026-10-05,district 1
2026-H-TX-15,2026,TX-15 (2026),H,TX,15,H0TX15124,Monica De La Cruz,H6TX15246,Bobby Pulido,REP,DEM,30955.22,129578.20,160533.42,12,2026-10-05,district 15
2026-H-MI-08,2026,MI-08 (2026),H,MI,08,H6MI08312,Tom Smith,H4MI08218,Kristen McDonald Rivet,REP,DEM,70415.70,85484.18,155899.88,17,2026-10-09,district 8
2026-H-MI-10,2026,MI-10 (2026),H,MI,10,H6MI10359,Michael Bouchard,H6MI10276,Christina Hines,REP,DEM,44725.99,109921.76,154647.75,18,2026-10-09,district 10
2026-H-MI-07,2026,MI-07 (2026),H,MI,07,H2MI07123,Tom Barrett,H6MI07298,William Lawrence,REP,DEM,55007.25,95348.31,150355.56,16,2026-10-06,district 7
2026-H-TX-28,2026,TX-28 (2026),H,TX,28,H6TX28124,Tano Tijerina,H2TX23082,Henry Cuellar,REP,DEM,52254.47,91498.15,143752.62,13,2026-10-05,district 28
2026-H-TX-23,2026,TX-23 (2026),H,TX,23,H4TX23120,Brandon Herrera,H6TX23273,Katy Padilla Stout,REP,DEM,56548.86,86418.92,142967.78,12,2026-10-05,district 23
2026-H-OH-01,2026,OH-01 (2026),H,OH,01,H6OH01138,Eric Conroy,H2OH01194,Greg Landsman,REP,DEM,32910.23,81430.13,114340.36,10,2026-10-09,district 1
2026-H-IA-03,2026,IA-03 (2026),H,IA,03,H2IA03119,Zachary Nunn,H6IA03268,Sarah Trone Garriott,REP,DEM,17594.41,88189.98,105784.39,8,2026-10-05,district 3
2026-H-TX-34,2026,TX-34 (2026),H,TX,34,H6TX34080,Eric Flores,H6TX15162,Vicente Gonzalez,REP,DEM,36134.42,62570.78,98705.20,12,2026-10-05,district 34
2026-H-IA-02,2026,IA-02 (2026),H,IA,02,H6IA02237,Joe Mitchell,H6IA02211,Lindsay James,REP,DEM,15607.28,82867.48,98474.76,8,2026-10-05,district 2
2025-H-FL-06,2026,FL-06 (2025),H,FL,06,H6FL06258,Randy Fine,,,REP,,76889.08,0.00,76889.08,2,2025-03-27,district 6
2026-H-OH-05,2026,OH-05 (2026),H,OH,05,H8OH05036,Bob Latta,H6OH05154,Brian Shaver,REP,DEM,31636.70,23536.08,55172.78,9,2026-10-09,district 5
2026-H-OH-09,2026,OH-09 (2026),H,OH,09,H4OH09169,Derek Merrin,H2OH09031,Marcy Kaptur,REP,DEM,30089.99,21964.03,52054.02,9,2026-10-09,district 9
2026-H-OH-13,2026,OH-13 (2026),H,OH,13,H6OH13307,Carey Coleman,H2OH13264,Emilia Sykes,REP,DEM,29843.47,21814.78,51658.25,9,2026-10-09,district 13
2026-H-OH-07,2026,OH-07 (2026),H,OH,07,H2OH16051,Max Miller,H6OH07168,Brian Poindexter,REP,DEM,12546.30,23626.30,36172.60,6,2026-10-09,district 7
2025-H-FL-01,2026,FL-01 (2025),H,FL,01,H6FL01390,Jimmy Patronis,,,REP,,10244.45,0.00,10244.45,1,2025-03-25,district 1
2026-H-NH-02,2026,NH-02 (2026),H,NH,02,H2NH02260,Lily Tang Williams,H4NH02399,Maggie Goodlander,REP,DEM,8016.23,1810.76,9826.99,2,2026-09-28,district 2
