spend_date,race_id,race_name,candidate_name,support_oppose,amount,payee_name,purpose,pdf_url
2026-10-27,2026-H-NH-01,NH-01 (2026),Stefany Shaheen,oppose,8429.50,RED MAVERICK MEDIA LLC,PRINTING/POSTAGE,https://docquery.fec.gov/cgi-bin/fecimg/?202609289908481362
2026-10-27,2026-H-NH-01,NH-01 (2026),Anthony DiLorenzo,support,25288.50,RED MAVERICK MEDIA LLC,PRINTING/POSTAGE,https://docquery.fec.gov/cgi-bin/fecimg/?202609289908481361
2026-10-16,2026-S-NH,NH Senate (2026),Chris Pappas,oppose,29316.00,RED MAVERICK MEDIA LLC,PRINTING/POSTAGE,https://docquery.fec.gov/cgi-bin/fecimg/?202609249908417862
2026-10-16,2026-S-NH,NH Senate (2026),John Sununu,support,29316.00,RED MAVERICK MEDIA LLC,PRINTING/POSTAGE,https://docquery.fec.gov/cgi-bin/fecimg/?202609249908417862
2026-10-16,2026-H-NH-01,NH-01 (2026),Stefany Shaheen,oppose,21137.00,RED MAVERICK MEDIA LLC,PRINTING/POSTAGE,https://docquery.fec.gov/cgi-bin/fecimg/?202609219908383841
2026-10-16,2026-H-NH-01,NH-01 (2026),Anthony DiLorenzo,support,21137.00,RED MAVERICK MEDIA LLC,PRINTING/POSTAGE,https://docquery.fec.gov/cgi-bin/fecimg/?202609219908383840
2026-10-16,2026-H-ME-02,ME-02 (2026),Matt Dunlap,oppose,24288.00,RED MAVERICK MEDIA LLC,PRINTING/POSTAGE,https://docquery.fec.gov/cgi-bin/fecimg/?202609219908383840
2026-10-16,2026-H-ME-02,ME-02 (2026),Paul LePage,support,24288.00,RED MAVERICK MEDIA LLC,PRINTING/POSTAGE,https://docquery.fec.gov/cgi-bin/fecimg/?202609219908383839
2026-10-15,2026-S-ME,ME Senate (2026),Troy Jackson,oppose,51423.50,RED MAVERICK MEDIA LLC,PRINTING/POSTAGE,https://docquery.fec.gov/cgi-bin/fecimg/?202609219908383842
2026-10-15,2026-S-ME,ME Senate (2026),Susan M. Collins,support,51423.50,RED MAVERICK MEDIA LLC,PRINTING/POSTAGE,https://docquery.fec.gov/cgi-bin/fecimg/?202609219908383841
2026-10-13,2026-S-TX,TX Senate (2026),James Talarico,oppose,553223.32,STORYTELLERS GROUP LLC,PRINTING/POSTAGE,https://docquery.fec.gov/cgi-bin/fecimg/?202609299908492901
2026-10-13,2026-S-TX,TX Senate (2026),Ken Paxton,support,553223.32,STORYTELLERS GROUP LLC,PRINTING/POSTAGE,https://docquery.fec.gov/cgi-bin/fecimg/?202609299908492900
2026-10-09,2026-S-ME,ME Senate (2026),Troy Jackson,oppose,51424.00,RED MAVERICK MEDIA LLC,PRINTING/POSTAGE,https://docquery.fec.gov/cgi-bin/fecimg/?202609159904217895
2026-10-09,2026-S-ME,ME Senate (2026),Susan M. Collins,support,51424.00,RED MAVERICK MEDIA LLC,PRINTING/POSTAGE,https://docquery.fec.gov/cgi-bin/fecimg/?202609159904217894
2026-10-09,2026-H-NH-01,NH-01 (2026),Stefany Shaheen,oppose,21137.00,RED MAVERICK MEDIA LLC,PRINTING/POSTAGE,https://docquery.fec.gov/cgi-bin/fecimg/?202609149904205611
2026-10-09,2026-H-NH-01,NH-01 (2026),Anthony DiLorenzo,support,21137.00,RED MAVERICK MEDIA LLC,PRINTING/POSTAGE,https://docquery.fec.gov/cgi-bin/fecimg/?202609149904205610
2026-10-08,2026-S-TX,TX Senate (2026),James Talarico,oppose,1106446.64,STORYTELLERS GROUP LLC,PRINTING/POSTAGE,https://docquery.fec.gov/cgi-bin/fecimg/?202609249908417867
2026-10-07,2026-S-IA,IA Senate (2026),Josh Turek,oppose,189089.00,THE BAKER GROUP LLC,PRINTING/POSTAGE,https://docquery.fec.gov/cgi-bin/fecimg/?202609299908492901
2026-10-06,2026-H-NY-17,NY-17 (2026),Cait Conley,oppose,22949.17,STORYTELLERS GROUP LLC,PRINTING/POSTAGE,https://docquery.fec.gov/cgi-bin/fecimg/?202609299908492900
2026-10-06,2026-H-NY-17,NY-17 (2026),Michael Lawler,support,22949.17,STORYTELLERS GROUP LLC,PRINTING/POSTAGE,https://docquery.fec.gov/cgi-bin/fecimg/?202609299908492899
2026-10-06,2026-H-NJ-07,NJ-07 (2026),Rebecca Bennett,oppose,23920.00,STORYTELLERS GROUP LLC,PRINTING/POSTAGE,https://docquery.fec.gov/cgi-bin/fecimg/?202609299908492899
2026-10-06,2026-H-NJ-07,NJ-07 (2026),"Thomas H. Kean, Jr.",support,23920.00,STORYTELLERS GROUP LLC,PRINTING/POSTAGE,https://docquery.fec.gov/cgi-bin/fecimg/?202609299908492898
2026-10-06,2026-H-WI-03,WI-03 (2026),Rebecca Cooke,oppose,23818.00,STORYTELLERS GROUP LLC,PRINTING/POSTAGE,https://docquery.fec.gov/cgi-bin/fecimg/?202609299908492898
2026-10-06,2026-H-WI-03,WI-03 (2026),Derrick Van Orden,support,23818.00,STORYTELLERS GROUP LLC,PRINTING/POSTAGE,https://docquery.fec.gov/cgi-bin/fecimg/?202609299908492897
2026-10-06,2026-S-OH,OH Senate (2026),Sherrod Brown,oppose,43500.00,FULL REACH MEDIA GROUP LLC,DIGITAL MEDIA,https://docquery.fec.gov/cgi-bin/fecimg/?202609289908481354
2026-10-06,2026-H-OH-01,OH-01 (2026),Greg Landsman,oppose,58500.00,FULL REACH MEDIA GROUP LLC,DIGITAL MEDIA,https://docquery.fec.gov/cgi-bin/fecimg/?202609289908481354
2026-10-06,2026-S-IA,IA Senate (2026),Josh Turek,oppose,49000.00,FULL REACH MEDIA GROUP LLC,DIGITAL MEDIA,https://docquery.fec.gov/cgi-bin/fecimg/?202609289908481353
2026-10-05,2026-H-IA-03,IA-03 (2026),Sarah Trone Garriott,oppose,40152.00,THE BAKER GROUP LLC,PRINTING/POSTAGE,https://docquery.fec.gov/cgi-bin/fecimg/?202609289908481374
2026-10-05,2026-H-IA-02,IA-02 (2026),Lindsay James,oppose,36037.00,THE BAKER GROUP LLC,PRINTING/POSTAGE,https://docquery.fec.gov/cgi-bin/fecimg/?202609289908481373
2026-10-05,2026-H-IA-01,IA-01 (2026),Christina Bohannan,oppose,40282.00,THE BAKER GROUP LLC,PRINTING/POSTAGE,https://docquery.fec.gov/cgi-bin/fecimg/?202609289908481373
2026-10-05,2026-H-TX-23,TX-23 (2026),Katy Padilla Stout,oppose,41968.00,STORYTELLERS GROUP LLC,PRINTING/POSTAGE,https://docquery.fec.gov/cgi-bin/fecimg/?202609249908417867
2026-10-05,2026-H-TX-28,TX-28 (2026),Henry Cuellar,oppose,37665.00,STORYTELLERS GROUP LLC,PRINTING/POSTAGE,https://docquery.fec.gov/cgi-bin/fecimg/?202609249908417866
2026-10-05,2026-H-TX-34,TX-34 (2026),Vicente Gonzalez,oppose,25204.00,STORYTELLERS GROUP LLC,PRINTING/POSTAGE,https://docquery.fec.gov/cgi-bin/fecimg/?202609249908417866
2026-10-05,2026-H-TX-35,TX-35 (2026),Johnny Garcia,oppose,31470.00,STORYTELLERS GROUP LLC,PRINTING/POSTAGE,https://docquery.fec.gov/cgi-bin/fecimg/?202609249908417865
2026-10-05,2026-H-TX-15,TX-15 (2026),Bobby Pulido,oppose,27938.00,STORYTELLERS GROUP LLC,PRINTING/POSTAGE,https://docquery.fec.gov/cgi-bin/fecimg/?202609249908417865
2026-10-05,2026-S-AK,AK Senate (2026),Mary Peltola,oppose,20384.50,THE BAKER GROUP LLC,PRINTING/POSTAGE,https://docquery.fec.gov/cgi-bin/fecimg/?202609219908383848
2026-10-05,2026-S-AK,AK Senate (2026),Dan Sullivan,support,20384.50,THE BAKER GROUP LLC,PRINTING/POSTAGE,https://docquery.fec.gov/cgi-bin/fecimg/?202609219908383847
2026-10-05,2026-H-ME-02,ME-02 (2026),Matt Dunlap,oppose,24288.00,RED MAVERICK MEDIA LLC,PRINTING/POSTAGE,https://docquery.fec.gov/cgi-bin/fecimg/?202609149904205612
2026-10-05,2026-H-ME-02,ME-02 (2026),Paul LePage,support,24288.00,RED MAVERICK MEDIA LLC,PRINTING/POSTAGE,https://docquery.fec.gov/cgi-bin/fecimg/?202609149904205611
2026-10-04,2026-H-TX-35,TX-35 (2026),Carlos De La Cruz,support,2500.00,FULL REACH MEDIA GROUP LLC,DIGITAL MEDIA,https://docquery.fec.gov/cgi-bin/fecimg/?202609289908481356
2026-10-04,2026-H-TX-35,TX-35 (2026),Johnny Garcia,oppose,43500.00,FULL REACH MEDIA GROUP LLC,DIGITAL MEDIA,https://docquery.fec.gov/cgi-bin/fecimg/?202609289908481356
2026-10-04,2026-H-TX-15,TX-15 (2026),Bobby Pulido,oppose,53500.00,FULL REACH MEDIA GROUP LLC,DIGITAL MEDIA,https://docquery.fec.gov/cgi-bin/fecimg/?202609289908481355
2026-10-04,2026-S-TX,TX Senate (2026),James Talarico,oppose,53500.00,FULL REACH MEDIA GROUP LLC,DIGITAL MEDIA,https://docquery.fec.gov/cgi-bin/fecimg/?202609289908481355
2026-10-02,2026-H-OH-07,OH-07 (2026),Brian Poindexter,oppose,8805.56,RED ZONE STRATEGIC LLC,PRINTING/POSTAGE,https://docquery.fec.gov/cgi-bin/fecimg/?202609289908481372
2026-10-02,2026-S-OH,OH Senate (2026),Sherrod Brown,oppose,8805.56,RED ZONE STRATEGIC LLC,PRINTING/POSTAGE,https://docquery.fec.gov/cgi-bin/fecimg/?202609289908481372
2026-10-02,2026-S-OH,OH Senate (2026),Jon Husted,support,17611.13,RED ZONE STRATEGIC LLC,PRINTING/POSTAGE,https://docquery.fec.gov/cgi-bin/fecimg/?202609289908481371
2026-10-02,2026-H-OH-05,OH-05 (2026),Brian Shaver,oppose,8799.94,RED ZONE STRATEGIC LLC,PRINTING/POSTAGE,https://docquery.fec.gov/cgi-bin/fecimg/?202609289908481371
2026-10-02,2026-H-OH-05,OH-05 (2026),Robert E. Latta,support,8799.94,RED ZONE STRATEGIC LLC,PRINTING/POSTAGE,https://docquery.fec.gov/cgi-bin/fecimg/?202609289908481370
2026-10-02,2026-S-OH,OH Senate (2026),Sherrod Brown,oppose,8799.93,RED ZONE STRATEGIC LLC,PRINTING/POSTAGE,https://docquery.fec.gov/cgi-bin/fecimg/?202609289908481370
2026-10-02,2026-S-OH,OH Senate (2026),Jon Husted,support,8799.94,RED ZONE STRATEGIC LLC,PRINTING/POSTAGE,https://docquery.fec.gov/cgi-bin/fecimg/?202609289908481369
2026-10-02,2026-H-OH-01,OH-01 (2026),Greg Landsman,oppose,9150.37,RED ZONE STRATEGIC LLC,PRINTING/POSTAGE,https://docquery.fec.gov/cgi-bin/fecimg/?202609289908481369
2026-10-02,2026-H-OH-01,OH-01 (2026),Eric Conroy,support,9150.38,RED ZONE STRATEGIC LLC,PRINTING/POSTAGE,https://docquery.fec.gov/cgi-bin/fecimg/?202609289908481368
2026-10-02,2026-S-OH,OH Senate (2026),Sherrod Brown,oppose,9150.37,RED ZONE STRATEGIC LLC,PRINTING/POSTAGE,https://docquery.fec.gov/cgi-bin/fecimg/?202609289908481368
2026-10-02,2026-S-OH,OH Senate (2026),Jon Husted,support,9150.38,RED ZONE STRATEGIC LLC,PRINTING/POSTAGE,https://docquery.fec.gov/cgi-bin/fecimg/?202609289908481367
2026-10-02,2026-H-OH-13,OH-13 (2026),Emilia Strong Sykes,oppose,8472.00,RED ZONE STRATEGIC LLC,PRINTING/POSTAGE,https://docquery.fec.gov/cgi-bin/fecimg/?202609289908481367
2026-10-02,2026-H-OH-13,OH-13 (2026),Carey Coleman,support,8472.00,RED ZONE STRATEGIC LLC,PRINTING/POSTAGE,https://docquery.fec.gov/cgi-bin/fecimg/?202609289908481366
2026-10-02,2026-S-OH,OH Senate (2026),Sherrod Brown,oppose,8472.00,RED ZONE STRATEGIC LLC,PRINTING/POSTAGE,https://docquery.fec.gov/cgi-bin/fecimg/?202609289908481366
2026-10-02,2026-S-OH,OH Senate (2026),Jon Husted,support,8472.00,RED ZONE STRATEGIC LLC,PRINTING/POSTAGE,https://docquery.fec.gov/cgi-bin/fecimg/?202609289908481365
2026-10-02,2026-H-OH-09,OH-09 (2026),Marcy Kaptur,oppose,8463.18,RED ZONE STRATEGIC LLC,PRINTING/POSTAGE,https://docquery.fec.gov/cgi-bin/fecimg/?202609289908481365
2026-10-02,2026-H-OH-09,OH-09 (2026),Derek Merrin,support,8463.19,RED ZONE STRATEGIC LLC,PRINTING/POSTAGE,https://docquery.fec.gov/cgi-bin/fecimg/?202609289908481364
2026-10-02,2026-S-OH,OH Senate (2026),Sherrod Brown,oppose,8463.19,RED ZONE STRATEGIC LLC,PRINTING/POSTAGE,https://docquery.fec.gov/cgi-bin/fecimg/?202609289908481364
2026-10-02,2026-S-OH,OH Senate (2026),Jon Husted,support,8463.19,RED ZONE STRATEGIC LLC,PRINTING/POSTAGE,https://docquery.fec.gov/cgi-bin/fecimg/?202609289908481363
2026-10-02,2026-H-VA-02,VA-02 (2026),Elaine G. Luria,oppose,40928.00,STORYTELLERS GROUP LLC,PRINTING/POSTAGE,https://docquery.fec.gov/cgi-bin/fecimg/?202609259908418863
2026-10-02,2026-S-NH,NH Senate (2026),Chris Pappas,oppose,38592.50,RED MAVERICK MEDIA LLC,PRINTING/POSTAGE,https://docquery.fec.gov/cgi-bin/fecimg/?202609109904190245
2026-10-02,2026-S-NH,NH Senate (2026),John Sununu,support,38592.50,RED MAVERICK MEDIA LLC,PRINTING/POSTAGE,https://docquery.fec.gov/cgi-bin/fecimg/?202609109904190244
2026-10-02,2026-S-ME,ME Senate (2026),Troy Jackson,oppose,51424.00,RED MAVERICK MEDIA LLC,PRINTING/POSTAGE,https://docquery.fec.gov/cgi-bin/fecimg/?202609109904190244
2026-10-02,2026-S-ME,ME Senate (2026),Susan M. Collins,support,51424.00,RED MAVERICK MEDIA LLC,PRINTING/POSTAGE,https://docquery.fec.gov/cgi-bin/fecimg/?202609109904190243
2026-10-01,2026-H-VA-02,VA-02 (2026),Elaine G. Luria,oppose,40606.39,IMGE LLC,DIGITAL MEDIA,https://docquery.fec.gov/cgi-bin/fecimg/?202609299908492897
2026-10-01,2026-H-IA-01,IA-01 (2026),Christina Bohannan,oppose,28797.06,IMGE LLC,DIGITAL MEDIA,https://docquery.fec.gov/cgi-bin/fecimg/?202609299908492896
2026-10-01,2026-H-FL-25,FL-25 (2026),Jared Moskowitz,oppose,25828.96,IMGE LLC,DIGITAL MEDIA,https://docquery.fec.gov/cgi-bin/fecimg/?202609299908492896
2026-10-01,2026-H-FL-25,FL-25 (2026),Scott Singer,support,25828.96,IMGE LLC,DIGITAL MEDIA,https://docquery.fec.gov/cgi-bin/fecimg/?202609299908492895
2026-10-01,2026-H-IA-02,IA-02 (2026),Lindsay James,oppose,26904.53,IMGE LLC,DIGITAL MEDIA,https://docquery.fec.gov/cgi-bin/fecimg/?202609299908492895
2026-10-01,2026-H-IA-03,IA-03 (2026),Sarah Trone Garriott,oppose,28477.61,IMGE LLC,DIGITAL MEDIA,https://docquery.fec.gov/cgi-bin/fecimg/?202609299908492894
2026-10-01,2026-H-WA-03,WA-03 (2026),Marie Gluesenkamp Perez,oppose,16969.15,IMGE LLC,DIGITAL MEDIA,https://docquery.fec.gov/cgi-bin/fecimg/?202609299908492894
2026-10-01,2026-H-WA-03,WA-03 (2026),John Braun,support,16969.15,IMGE LLC,DIGITAL MEDIA,https://docquery.fec.gov/cgi-bin/fecimg/?202609299908492893
2026-10-01,2026-S-IA,IA Senate (2026),Josh Turek,oppose,192948.00,THE BAKER GROUP LLC,PRINTING/POSTAGE,https://docquery.fec.gov/cgi-bin/fecimg/?202609299908492902
2026-10-01,2026-H-IA-01,IA-01 (2026),Christina Bohannan,oppose,60500.00,FULL REACH MEDIA GROUP LLC,DIGITAL MEDIA,https://docquery.fec.gov/cgi-bin/fecimg/?202609289908481353
2026-10-01,2026-S-TX,TX Senate (2026),James Talarico,oppose,1106446.64,STORYTELLERS GROUP LLC,PRINTING/POSTAGE,https://docquery.fec.gov/cgi-bin/fecimg/?202609149904205615
2026-09-30,2026-H-NY-17,NY-17 (2026),Cait Conley,oppose,7140.44,IMGE LLC,TEXTING SERVICE,https://docquery.fec.gov/cgi-bin/fecimg/?202609299908492892
2026-09-30,2026-H-NY-17,NY-17 (2026),Cait Conley,oppose,3575.15,IMGE LLC,TEXTING SERVICE,https://docquery.fec.gov/cgi-bin/fecimg/?202609299908492892
2026-09-30,2026-H-NJ-07,NJ-07 (2026),Rebecca Bennett,oppose,3575.15,IMGE LLC,TEXTING SERVICE,https://docquery.fec.gov/cgi-bin/fecimg/?202609299908492891
2026-09-30,2026-H-PA-10,PA-10 (2026),Janelle Stelson,oppose,7764.94,IMGE LLC,TEXTING SERVICE,https://docquery.fec.gov/cgi-bin/fecimg/?202609299908492891
2026-09-30,2026-H-PA-07,PA-07 (2026),Bob Brooks,oppose,7778.75,IMGE LLC,TEXTING SERVICE,https://docquery.fec.gov/cgi-bin/fecimg/?202609299908492890
2026-09-30,2026-H-PA-08,PA-08 (2026),Paige Cognetti,oppose,8132.65,IMGE LLC,TEXTING SERVICE,https://docquery.fec.gov/cgi-bin/fecimg/?202609299908492890
2026-09-30,2026-H-NH-01,NH-01 (2026),Stefany Shaheen,oppose,42274.00,RED MAVERICK MEDIA LLC,PRINTING/POSTAGE,https://docquery.fec.gov/cgi-bin/fecimg/?202609149904205612
2026-09-30,2026-H-ME-02,ME-02 (2026),Matt Dunlap,oppose,48576.00,RED MAVERICK MEDIA LLC,PRINTING/POSTAGE,https://docquery.fec.gov/cgi-bin/fecimg/?202609109904190245
2026-09-29,2026-S-OH,OH Senate (2026),Sherrod Brown,oppose,36703.83,IMGE LLC,TEXTING SERVICE,https://docquery.fec.gov/cgi-bin/fecimg/?202609299908492893
2026-09-29,2026-S-MI,MI Senate (2026),Abdul El-Sayed,oppose,235762.27,RED ZONE STRATEGIC LLC,PRINTING/POSTAGE,https://docquery.fec.gov/cgi-bin/fecimg/?202609289908481363
2026-09-29,2026-S-MI,MI Senate (2026),Mike Rogers,support,235762.28,RED ZONE STRATEGIC LLC,PRINTING/POSTAGE,https://docquery.fec.gov/cgi-bin/fecimg/?202609289908481362
2026-09-29,2026-S-OH,OH Senate (2026),Sherrod Brown,oppose,223596.97,RED ZONE STRATEGIC LLC,PRINTING/POSTAGE,https://docquery.fec.gov/cgi-bin/fecimg/?202609249908417864
2026-09-29,2026-S-OH,OH Senate (2026),Jon Husted,support,223596.98,RED ZONE STRATEGIC LLC,PRINTING/POSTAGE,https://docquery.fec.gov/cgi-bin/fecimg/?202609249908417864
2026-09-28,2026-S-AK,AK Senate (2026),Mary Peltola,oppose,550.21,IMGE LLC,TEXTING SERVICE,https://docquery.fec.gov/cgi-bin/fecimg/?202609289908481361
2026-09-28,2026-H-NH-02,NH-02 (2026),Maggie Goodlander,oppose,1810.76,IMGE LLC,TEXTING SERVICE,https://docquery.fec.gov/cgi-bin/fecimg/?202609289908481359
2026-09-28,2026-S-OH,OH Senate (2026),Sherrod Brown,oppose,12442.50,CONNECTION STRATEGY LLC,MESSAGE PHONE CALLS,https://docquery.fec.gov/cgi-bin/fecimg/?202609259908418861
2026-09-28,2026-S-OH,OH Senate (2026),Jon Husted,support,12442.50,CONNECTION STRATEGY LLC,MESSAGE PHONE CALLS,https://docquery.fec.gov/cgi-bin/fecimg/?202609259908418861
2026-09-28,2026-S-NH,NH Senate (2026),Chris Pappas,oppose,16034.72,CONNECTION STRATEGY LLC,MESSAGE PHONE CALLS,https://docquery.fec.gov/cgi-bin/fecimg/?202609259908418860
2026-09-28,2026-S-NH,NH Senate (2026),John Sununu,support,16034.73,CONNECTION STRATEGY LLC,MESSAGE PHONE CALLS,https://docquery.fec.gov/cgi-bin/fecimg/?202609259908418860
2026-09-28,2026-S-MI,MI Senate (2026),Abdul El-Sayed,oppose,13007.05,CONNECTION STRATEGY LLC,MESSAGE PHONE CALLS,https://docquery.fec.gov/cgi-bin/fecimg/?202609259908418859
2026-09-28,2026-S-MI,MI Senate (2026),Mike Rogers,support,13007.05,CONNECTION STRATEGY LLC,MESSAGE PHONE CALLS,https://docquery.fec.gov/cgi-bin/fecimg/?202609259908418859
2026-09-28,2026-S-ME,ME Senate (2026),Troy Jackson,oppose,5632.55,CONNECTION STRATEGY LLC,MESSAGE PHONE CALLS,https://docquery.fec.gov/cgi-bin/fecimg/?202609259908418858
